{
    "name": "NewsAPI",
    "properties": {
        "activities": [
            {
                "name": "Clean and Sink",
                "type": "ExecuteDataFlow",
                "dependsOn": [
                    {
                        "activity": "Notebook1",
                        "dependencyConditions": [
                            "Succeeded"
                        ]
                    }
                ],
                "policy": {
                    "timeout": "0.12:00:00",
                    "retry": 0,
                    "retryIntervalInSeconds": 30,
                    "secureOutput": false,
                    "secureInput": false
                },
                "userProperties": [],
                "typeProperties": {
                    "dataflow": {
                        "referenceName": "dataflow",
                        "type": "DataFlowReference"
                    },
                    "compute": {
                        "coreCount": 8,
                        "computeType": "General"
                    },
                    "traceLevel": "Fine"
                }
            },
            {
                "name": "Notebook1",
                "type": "DatabricksNotebook",
                "dependsOn": [],
                "policy": {
                    "timeout": "0.12:00:00",
                    "retry": 0,
                    "retryIntervalInSeconds": 30,
                    "secureOutput": false,
                    "secureInput": false
                },
                "userProperties": [],
                "typeProperties": {
                    "notebookPath": "/Users/jijo.puthooran@outlook.com/jijo"
                },
                "linkedServiceName": {
                    "referenceName": "AzureDatabricks",
                    "type": "LinkedServiceReference"
                }
            }
        ],
        "annotations": []
    }
}