{
    "name": "Json_news",
    "properties": {
        "linkedServiceName": {
            "referenceName": "AzureDataLakeStorage_source",
            "type": "LinkedServiceReference"
        },
        "annotations": [],
        "type": "Json",
        "typeProperties": {
            "location": {
                "type": "AzureBlobFSLocation",
                "fileSystem": "news"
            }
        },
        "schema": {
            "type": "object",
            "properties": {
                "status": {
                    "type": "string"
                },
                "totalResults": {
                    "type": "integer"
                },
                "articles": {
                    "type": "array",
                    "items": {
                        "type": "object",
                        "properties": {
                            "title": {
                                "type": "string"
                            },
                            "author": {
                                "type": "string"
                            },
                            "source": {
                                "type": "object",
                                "properties": {
                                    "Id": {
                                        "type": "null"
                                    },
                                    "Name": {
                                        "type": "string"
                                    }
                                }
                            },
                            "publishedAt": {
                                "type": "string"
                            },
                            "url": {
                                "type": "string"
                            }
                        }
                    }
                }
            }
        }
    }
}