{
    "name": "dataflow",
    "properties": {
        "type": "MappingDataFlow",
        "typeProperties": {
            "sources": [
                {
                    "dataset": {
                        "referenceName": "Json_news",
                        "type": "DatasetReference"
                    },
                    "name": "source"
                }
            ],
            "sinks": [
                {
                    "dataset": {
                        "referenceName": "news_csv",
                        "type": "DatasetReference"
                    },
                    "name": "sink",
                    "rejectedDataLinkedService": {
                        "referenceName": "AzureDataLakeStorage_sink",
                        "type": "LinkedServiceReference"
                    }
                }
            ],
            "transformations": [
                {
                    "name": "flatten"
                },
                {
                    "name": "cleaning"
                }
            ],
            "scriptLines": [
                "source(output(",
                "          status as string,",
                "          totalResults as integer,",
                "          articles as (title as string, author as string, source as (Id as string, Name as string), publishedAt as string, url as string)[]",
                "     ),",
                "     allowSchemaDrift: true,",
                "     validateSchema: false,",
                "     ignoreNoFilesFound: false,",
                "     documentForm: 'arrayOfDocuments') ~> source",
                "source foldDown(unroll(articles, articles),",
                "     mapColumn(",
                "          Title = articles.title,",
                "          Source = articles.source.Name,",
                "          Date = articles.publishedAt,",
                "          URL = articles.url,",
                "          Author = articles.author",
                "     ),",
                "     skipDuplicateMapInputs: true,",
                "     skipDuplicateMapOutputs: true) ~> flatten",
                "flatten derive(Title = Title,",
                "          Author = iifNull(Author, 'Unknown'),",
                "          Source = Source,",
                "          Date = toDate(Date, 'yyyy-MM-dd\\'T\\'HH:mm:ss\\'Z\\''),",
                "          URL = URL) ~> cleaning",
                "cleaning sink(allowSchemaDrift: true,",
                "     validateSchema: false,",
                "     umask: 0022,",
                "     preCommands: [],",
                "     postCommands: [],",
                "     skipDuplicateMapInputs: true,",
                "     skipDuplicateMapOutputs: true,",
                "     mapColumn(",
                "          Title,",
                "          Author,",
                "          Date,",
                "          Source,",
                "          URL",
                "     )) ~> sink"
            ]
        }
    }
}