{
    "now": "2023-01-31T18:54:00.429Z",
    "perfNow": 8571488.4,
    "diagnosticCorrelation": "ecbe23dc-5d03-4560-a722-412109ba9ccf",
    "source": "DownloadSupportFiles",
    "environment": {
        "productName": "adf",
        "buildVersion": "1.0.012323.5",
        "environmentType": 3,
        "resourceName": "ADFJijo",
        "resourceRegion": "uksouth",
        "resourceGroup": "Jijo",
        "subscriptionId": "ba1b08ae-8787-44cb-bf0a-4ad6812df389",
        "sessionId": "gfkI6sK9wCaxgSdE6/CQ5g",
        "operationId": "",
        "gitType": "live",
        "loggingKey": "3cd761a1-2774-4424-aba6-11907bff3406"
    },
    "additionalInfo": {
        "selectedResource": "NewsAPI",
        "selectedResourceType": "pipeline",
        "dataFlowSessionId": "fb1be6a7-e752-4624-b783-6ee4584a95fc"
    }
}